id_usuarios,usuario,contrasenia,token,id_personas
101,shearst0,jO01VJlFK?,$2a$04$WAUAgS1/3iDQ8/NlnFkFs.aIcirXqjprdCUcB.5.xcFMAFjpTFKBe,101
102,spineaux1,zV3!_Q/,$2a$04$4RYtevkNaaMpsOcqdl8TjuYtlgLV3nE5d4mqL7XmwuUuaxPwC1BTS,102
3,wwagon2,cK7=7vDUS~qXMc,$2a$04$4aHIYE.Ux.wKYvxKXGkEBORR65jSclqer3/M8L0AYPlX5MOFJPg3a,103
4,epeasey3,mY8+yhp8=l+ZM/$>,$2a$04$53F4DP2gVTMECjNIViKMFu2YnT.LWxByEwUmyyyy/G23IbXfmdInC,4
5,rkohter4,sI5@9EDJ#o6s,$2a$04$GW/p1XNvyHI/NCzWbGpC2.ZcAnSUcLqZIi9aub7qPFomnc1A9F.Ra,5
6,khammarberg5,vM7&ylvJmlFa,$2a$04$vkD7e.5o9MnN0CIt2.fYFuM927eXMKV83ZHRzpyEh/oYVPqgjZVii,6
7,rglenton6,"hB9/ajhqr)w,D{fE",$2a$04$7CTkFu/928OiClxH7YvJ5etPBdZVEEpO943KIcok5mrcWqy3fW2F.,7
8,ccoupman7,bI5_PH1ZBzsCFaAG,$2a$04$A5UukqmAZQLUSNKkd4VM6Oa8iLqnsWls89svsatsrPWy34Rzufnqa,8
9,rfeeley8,yC1=i_l7}w?Bm,$2a$04$aWjdW7xQy6zENEOd6dssSu.lAgoAI1u94xI9RnDmRcaKG1XMn50EK,9
10,sfritter9,oE7|~Q3TTR,$2a$04$maOA1qGGQcJYYyTr4PJw5eYF1U4vhtN.SDhRfzUnGDJufn4hhBEZ6,10
11,pyuryaeva,"hG9@,)PZds!\",$2a$04$IVNEwCxBvxvm5AG0/NWr9OoBZ0f5h34uTbYMaqYnAqvHYdIv529Vi,11
12,ptookb,cW5>WDEjIA,$2a$04$Tz48T05rNc/eSMxbHsIhrOxnKkoTptrwarmfNBxZwLpWsElS/MkSW,12
13,askeelsc,rC9&z{#42nL4q,$2a$04$5f/S6zDl7oRZ4/aDcbbgaOPhmpzV7Z0sBcUgH/DkwdJ23za0cY1na,13
14,bfilipicd,"mB6,MpmO=yXC7Z",$2a$04$/o/dUBGyoZgQJrmhmMqjfezZxqmSohHzlO8iHaR0EV5yRZfoi2V5C,14
15,ecowlarde,"xK1,Rd4px",$2a$04$dJjSf0uJSBgnXwRpiIaxK.G9KLEfwAw91UvB6qZocOmpV6M78Z1gC,15
16,leastesf,oF0`~VV~,$2a$04$cQteHOP0YLhSgUllQ9VxaeDuYcSaI8Faxnl1gQYh4TcJCzADXzJFu,16
17,aarpeg,iG8~S>B!@td,$2a$04$jKMAKVTgaZXl0nF4ybi2FevcE1qVz0kJE0WtsmhfxyNGav/UdCn9i,17
18,msuttonh,sC5>)x)i=~9e7$c,$2a$04$e8HgMkwjxs3bjw/Fs44xxefTxBgc.1RCvM48951Pz8C1G61K2D8Tq,18
19,gperrygoi,sV2/JZ!X0ftIIbXx,$2a$04$W2kzMKEIb0e55jVWjgdZL.TWdpQtHgTm/m6XHOtmedHJpnExZ6cw2,19
20,jaaronsonj,yX1*0Y1f_H\bQni,$2a$04$t3fURpH3rPCluc6OeO1OmO1z2.JTVn5oQNXTMRyWzkYro9Vn3f.vm,20
21,jhanburybrownk,dF2*L1WWv,$2a$04$3WCm1g/UH0PE7G9Hw2/x0.5X/8IjRdbE50fMVjM/B0nCdArN9LuCO,21
22,wlowtherl,xL7_#jd4K,$2a$04$wn28/SIBTSdCbea5uA1chuTFn1WxpA/SgQu6MY4PuT0BjMS8jYk4S,22
23,mnozzoliim,iX4#de0EP,$2a$04$ZgEv6ijv1cncYeDbxIUBXOn2DEHzKSXQYhoFUFwdf4q0InLaKgicO,23
24,sblinckon,aF2)A#kd`1?Z6Z,$2a$04$Tl0HWVpM9IuNKkD5GEikHOjSzPu2..xd.8eSfpSD.U8n/knqcCnK.,24
25,acunniamo,kD7<gZMs4%Kl8WB,$2a$04$WDn8CRJ3TtqwD0yxJF5X1./5ZOvaSwrNKHyz8OiLB.UtvrX51V/BC,25
26,wtegellerp,dS8>S.Dmx/>dQBDr,$2a$04$EkTDBa9sUkGpSWER6QyQWex7SfI7uw.2GTXhifGnkWQGA/YnV/9bu,26
27,cspatarulq,"dW3#>ITdfJ?mR,TK",$2a$04$hkydi1kGg/9..QR2ug2IFujkaEdx79csZ2vl.A13TZKBzVd0fQE5i,27
28,cblakestonr,gX7}iCaX?,$2a$04$0YDDW5yJxtrohdU59HG5QunyHv5ngtj64CWj86KfoyedwwPHtGT.a,28
29,trahlofs,nZ1*g1N}sG,$2a$04$1Id5EeTF7aYX/80UkMIRkuc/HSBIvPKP5QtlosVzueCC/Am/YVn0S,29
30,jghidinit,"pD9,e(XiS1S8",$2a$04$5fTYWzHTT5DxuyfBQmk8eeGzBPyG6j9GU.9Y0PGScEpvTp3k61/gW,30
31,ahulattu,uP8*3d9hbZ)Iqws\,$2a$04$v0JCXCK.YauVaLUjQcPWM.5X55zauYjmkTc8IQNs9ApaV0gcnup0m,31
32,hseaversv,zH9_@SWxztQ*SG,$2a$04$M42ryTqeGdFXSWOA30BQYOv.sKEl2e7g5Jeg7Q2gxeF8Z/gHq2uU.,32
33,kanderschw,hD8#|K}3sxRY6h,$2a$04$jdN.D5MxrZqKva95M6ElDuA51osewIBMR71MOLWe8qYJ1x1P5gIiW,33
34,finsworthx,jY5`kEF8pK1SbR,$2a$04$q88KbtmTfBtpUWlLvF3vjuRky/1vA/u8lH0yhTP0wYAcvL26ttw3O,34
35,ejanaky,nX7+<D=B?,$2a$04$pllRPJvHOuOg5gpanlPxKup9S61Jrw2KdFfAYQWTAWc6E38HL5Xnq,35
36,dphidginz,iV3`Z\1{W,$2a$04$29WwF9eDR7OaPg.8R6hwO.fo6SyvW6FUB1OreOr93d7ck.sQ0g9PS,36
37,dtregunna10,mK3>%(<8}pm11g,$2a$04$f7ueGJk6Pa0RjXOF1Q.D..CT3UUO2iwtFiWHjxCay8QMh.cFDTznS,37
38,cbourrel11,jS7`_qzE2$DlX=,$2a$04$Tsk058jFooUPAoecLR/sKeO/1gpFhYWPxdDAhDdyFJB9gwirMufB6,38
39,wsteagall12,xZ91d.0tMtpcXb,$2a$04$0vR77nsqszqJUBVtpJP3Ies.SrSbAFPfLJip8XQtvJ4.GzXCmq9aa,39
40,anissle13,dU01i#G*.=s,$2a$04$dBgnpGu/6hvV3PY0bD54CeK0yIbawgmifgt/Yug1GXJh5GqFHWA7C,40
41,echartre14,cL1.L29%Qzpjs5md,$2a$04$yrNKvvZpfJvN4GF/5h2ayO/wNl/C07lZSNXsSVdBO.QxolncPnQUC,41
42,gmarion15,"gG3,Lhf9|*!{B",$2a$04$O63TskaXLXO1DazeH5/06et5giJcsoyjEuYh/As8N3NChdGfF.iE2,42
43,jgentery16,cG5&TiMxQG(>y*,$2a$04$aqCXCn8GDUmOveau77wBZepCK4i8JrPcZLnRDSkisfBtx6NDYp6D2,43
44,egertz17,jF1(ehcm(lC11tTy,$2a$04$O5g2IS64y2rxXvkq2tFW2.4d55fTPD6EmT3vyocpAZy7DFtx1qUhm,44
45,mmcfadden18,dT3#DnhkaRex&F,$2a$04$5VlDXcPWyB7Fe48Su.fGKOpZ5Ouig/qkaBqOzfLOP9tszY2RRu2DS,45
46,nsandercroft19,kE0{p.OZ,$2a$04$8wTS0OYHg3fYRc3dQ0tXW.fnAvOptanOyYZDwwNB2Yqk9umtTPaiq,46
47,dyablsley1a,mX6=aST?FW,$2a$04$86S3P1U5zkuGlYGRrcPYjeDmOXN1Qxmb57XtYGcVQ6PClmLBQPLAS,47
48,fjagiela1b,hC2~pE(JzB,$2a$04$6AgoehPJ4y8i3SQLtmZAUuqGabPK4w5PVWWZadUoq1FpgUkaa/7CK,48
49,lakred1c,mP7+sA.Q??rh6Zoh,$2a$04$xzb26GYeTKKcZJvVCyB2lOCN64cMehOawuF2Q9KyMluFSVNsu6Wau,49
50,lebsworth1d,cG4(WgO@.=5Wl1mo,$2a$04$kNFIv81ouXj9bnDHyL4o2OqDNrUR61uxh4bWguJIqudWdl7hZvoxq,50
51,adescroix1e,hT7(=zmK1T<y,$2a$04$TeaRNQPXXA4RHjO6lEC4L.sL85dKJPhIOAJFSaNJKv2On0errMHNC,51
52,pariss1f,iS8(zk7cr,$2a$04$yToeezbzwYfJBbHdJJvmzuFhJyEsBkQwrVuhhtob4bxz7ByLLBi2m,52
53,trobbins1g,"yK4,VG|}$wr",$2a$04$t8LY.uiY7UvxpqgCPnfcBOR8ajBOlvMxzSgvvDmzmAqmaKwo1pmUO,53
54,fdessent1h,qZ7>9R4TKb,$2a$04$ifsR0RHVJG3cYT69pydTveMj5D1Sk3yYKcXHbGqlRpoV.Vtomt5TO,54
55,rnicolls1i,wH7*`$?*U.tWZ,$2a$04$XaaNQbGAPfjf9XYXt3zHU.PM0bOyRu0s0ZYxs.MiKsUCcCEn1yKu.,55
56,sackeroyd1j,"yC51p3vRfMM,#rE",$2a$04$I/ygXwsed4D7PfEQVvLs0uVxpp5zPWCDVBKd/L2lkB6ie3Zoe2Q8a,56
57,mdybald1k,tO9*Z=<Hv,$2a$04$vqLEkvYwOJJVohi/2WDft.JyU9dpgXTDC03pVToERvfl.DQY9zyHS,57
58,ssirett1l,cZ0?~=A~FMR,$2a$04$G.JfC036MsrXscwQBZAHW.YY.1WD7bnWFJJM3U56ves2fbuPSWXDu,58
59,channen1m,lD0$hinTeVlFI0&v,$2a$04$bcYdYe11NAyb8/TUj.28D.cEGmOqSgxQrR4VD1lkx0fnCxpLcSUyS,59
60,mdark1n,fX3?qkJcIqgb,$2a$04$2CF6hlQ7fP6jnHACrMCCMe2Pht56pf6DZAsAQh/xFxiGevaUcihgG,60
61,mbiasioni1o,fD31|kGq,$2a$04$lAD4LNiZZVRQoNu.x6sUme8oDYxRvk0fRSU6vtp64CqyWzgr3FaM6,61
62,jgiraldez1p,"oK1,nqtQ",$2a$04$OZommDH2rOu9.Z8yv33mNeImfkgk5wYxFKAGXAr0SwyedwVtYIRee,62
63,cogilby1q,yY3<yzNIN,$2a$04$xp6Haaqv94xYu4s5Vis0NO5BiRDN/tBIYSdX.9kafknF2fgWUWLlG,63
64,mjennaroy1r,iM1@`U/Z|2/~,$2a$04$ppqAG7wRMLSFN35E2TQRTOQBOerxa.uHunIS.2zO6Vnj/YeY5mZqa,64
65,vmatthewson1s,rQ3#wduF1E`&,$2a$04$0034n3aWK2Y2feHSDZuvcu2dV56obB1GsJk1FBkveHiAkwsFtdnXe,65
66,abaldung1t,pZ4__S&4yD}U?*X,$2a$04$ZwrR73y4UhIwZt.UjIV1xe3uUd8vPNp5ZPt/KY7Fz6Xj9YOYwGyBW,66
67,glody1u,wX8=TJ#D>,$2a$04$OpvwkiQ8eB/6GlX1u5OXheNZbuBIxCv.wKuS8lYahrhYgOfr5Ldk6,67
68,swathey1v,yG8\a6b2Bn>C,$2a$04$rhgE7lVx8AFU36.mfoFeref3HZO.mblrjdHeRA0tc7gn5OmyDuPxC,68
69,ceastam1w,pC0)1*XS,$2a$04$bYferRWy1XCYIZOCZ397WuCMdQJNUJSw1hBmBc/CX7mSc5Ar609eu,69
70,abradnocke1x,zH5%LuWGA910|(,$2a$04$4qpda7rISpsUfOp8M9Z6y.MZk9F1rJjQD1JXZfonFGSG0IeOWsM06,70
71,bkimbley1y,"fR7&qIF8,",$2a$04$bmc88DYATDnwTgT9av7tV.AppMJUrDXJsrR4YgekOl4XBv2mHQohu,71
72,tmount1z,zS0/AtDtU%ecdY\,$2a$04$5Ij27DuftqAEhMhDFdrGpuGv9Vyb5lfEMfVEsLV76CefJYVm7S6pO,72
73,xalessandrini20,"iW9)h1duVjO,Yj",$2a$04$yTfWyA0aGORknZ36apihI.vapQv3krdOrDa2dt.dbDXbbLU4Px4UK,73
74,mvandecastele21,fV4+bk$9ylF,$2a$04$vozg6mThGy9bUWiqQzbiUO8pRB/ujuf2COpyULhCQ1zv6cS7hI9zi,74
75,tjirsa22,"iD7)?R}MFn,",$2a$04$TXO7iJrQMChEjSI/TSAmie6vNGgwVwznmVnrDLWxhkVRB/U4FlcqO,75
76,aocarrol23,yU1!0.xP%O#,$2a$04$hXZBV1hHtacr0mS2CKYVbe9Edxu8GnVO4q8VquVaXtrpt94r21ToG,76
77,rgold24,oE8{75Ucu\(L>{ey,$2a$04$RYJdpO9GMqGQgGQIPTmSFerApXZ2LiNYPuT726gVYxYPVxG/rYfai,77
78,okelwaybamber25,kQ3\JMPV|@Ki.,$2a$04$ieRCgVlh3ngtLD5JLWFqUeWtqzigau103gcDsdyvCQSvXqYdkuQhK,78
79,mschlagman26,dL11D#Rsv/=|E10,$2a$04$M.kzAsZmhMTwDlPCw3rx8OZZcWGQgG0IIBBVmhOjZMgartUMeW/1S,79
80,egrogor27,jO3/yi1=M9)tb36,$2a$04$vGzSWPu21J.yKhPBj0aTUOyGaC6Y1dE.1.erJKa4gkkLAXuCGdlfi,80
81,oangell28,lC31YF)W*81,$2a$04$1MQ54CS9JDBlD0UUhpzKieiWZ0hKEWxViIsWu4XQLxLIpg.zSQln6,81
82,aspinige29,iA3#/<Iw#u,$2a$04$RheD2tEtd1Xm3wP3JFGTFeoGS27fKTzaPv374ognDDeyOpKlKCQsK,82
83,ocolliber2a,bK31!(pP!5j(l,$2a$04$bubWtMA9FeXheK3aUnb1w.P1ENAesjIQZqu5BTAZSJZKEj0Mr1pgO,83
84,tmarklin2b,yW3&+c82bEfRSxi,$2a$04$GnWnIfKhP4VbRGLk0m4sDeO8/ofV2A7EEiOjAkyAdpx93/7q311yq,84
85,lnorker2c,gI0$rxHC6~jf+,$2a$04$URFtZQP4OLGpJoXzX8hQGOd2L24IwKvG9eEoJLdLZ7zumoFCR3UjS,85
86,mpeak2d,"cD3_p+i|@9,#W",$2a$04$99AKbceI/Q2dCGj46PZb4.gljj4SAGZFBZ7gPWdI/aXrrkemhptSq,86
87,mpechard2e,yK6$om1Y?z|9,$2a$04$ytXTFIIr6UY1y.otc8LVy.9MLwuL1v2rI4/v/0axE2IrA.eiY2zlm,87
88,rsurpliss2f,"uW9|9jVmf9,1${7N",$2a$04$WYL5DP8QazkfyRJVFlXhr.IG4ZkbwmPI5Hs47URnxirCRRW7QyjXe,88
89,imcpeck2g,jR2+{mGf~SX=4*,$2a$04$KLduos/HOEXx7enQzSlUTOkhlBAzcm5X1j8VIgFvWDlcObSYH3Q/6,89
90,zcarstairs2h,qR0~7C5.`ChW2,$2a$04$.uF9aJEdlDwlV0nbVmTIiuw0Co3cMm6uZO7wuE68twB.b.VCFKSxO,90
91,lexrol2i,qV3~z%s2e\<VvO,$2a$04$g.DaT6kNrQn6nDQmsdx4XuUw/am7P9ae6CHdLXpRCs3Xx9bavLBIa,91
92,erelph2j,"iP4,lk5)",$2a$04$z53dYuAWdIJNeo35QB1g.ufHb1yXSF94/beGBka9NBBp5iwJPbO1O,92
93,mansty2k,jO2{1P1J,$2a$04$agBkhQlU5OcmfQ5/uYi7.OPJgvFk0e2dPMsbfuVk1ONdWTzgGu3pi,93
94,jbrace2l,hZ7}kg{>9GdwDl,$2a$04$ffs6WI2FpzazVrwuxXokcOtuoJaznyWHRqeGIW7NsB30CRQf.ISDy,94
95,ecouzens2m,uG3.>t1`rI8H,$2a$04$nSq8pC5ZbCEC5fzO6fZHXOGUdlAgiNtqeQCDj3XU24QGQnf5eeR6m,95
96,wdowne2n,iO6/M5eW$B7,$2a$04$8SM6H9oHnc/QDXI667ReAOCMQyCD7z31E9furp00wJtDO4SylZOba,96
97,bmcnabb2o,"cV0)@pp,Jo}XliKC",$2a$04$wsxSD..V9s4yNlUy/eIP0ufxZhn.p3MBccHHaEX.4hVkPuIgXRIY.,97
98,dbiasioni2p,cT3&JbBBZ,$2a$04$iwByRGSN2wl2jdNBARkaKeQpcNebdPHnUSnhVGg.8QE8XxmVtLzCK,98
99,dsyrie2q,oB6(`2sKeJl?L1,$2a$04$REpO8vcTJW24H0DlGv0oHu0KxEYftPpVPWQsOlJifaJfz/PtdrPle,99
100,cvasnev2r,vG0/=aA6QQlW5,$2a$04$/XLuLGYd4vREYkwDLwx5peujTS/l4ZzR39U.zvnmjrR6fsptjIBc.,100
